{
    "entityMeta":{
        "name":"ComponentDeployment",
        "description":"The Component Deployment Entity",
        "inherits":"BaseEntity",
        "since":1,
        "access":100,
        "label":"Component Deployment"
    },
    "fieldMetas":[
        {
            "name":"title",
            "description":"The title of this Component Deployment",
            "type":"$String(2048)",
            "required":true,
            "unique":false,
            "default":null,
            "final":true,
            "access":100,
            "since":1,
            "label":"Title",
            "rank":5,
            "visible":true
        },
        {
            "name":"unit",
            "description":"The unit of the Component Deployment",
            "type":"Unit",
            "required":true,
            "unique":false,
            "default":null,
            "final":true,
            "access":100,
            "since":1,
            "label":"Unit",
            "rank":6,
            "visible":true
        },
        {
            "name":"subsystem",
            "description":"The SubSystem of the Component Deployment",
            "type":"SubSystem",
            "required":true,
            "unique":false,
            "default":null,
            "final":true,
            "access":100,
            "since":1,
            "label":"SubSystem",
            "rank":7,
            "visible":true
        }     
    ]
}