[
    {
        "entityMeta":{
            "name":"BaseEntity",
            "description":"Base Entity",
            "since":1,
            "access":100,
            "abstract":true
        },
        "fieldMetas":[
            {
                "name":"id",
                "description":"Unique id of this object",
                "type":"$String(128)",
                "required":true,
                "unique":true,
                "default":null,
                "final":true,
                "access":100,
                "since":1,
                "label":"Id",
                "rank":1,
                "visible":false
            },
            {
                "name":"createTime",
                "description":"Time in millisecond when object is created",
                "type":"$Timestamp",
                "required":true,
                "unique":false,
                "default":-1,
                "final":true,
                "access":100,
                "since":1,
                "label":"Create Time",
                "rank":2,
                "visible":false
            },
            {
                "name":"tenant",
                "description":"The tenant in which this object belongs to",
                "type":"$Number",
                "required":true,
                "unique":false,
                "default":-1,
                "final":true,
                "access":100,
                "since":1,
                "label":"Tenant",
                "rank":3,
                "visible":false
            },
            {
                "name":"version",
                "description":"The current version of this entity",
                "type":"$Number",
                "required":true,
                "unique":false,
                "default":-1,
                "final":false,
                "access":100,
                "since":1,
                "label":"Version",
                "rank":4,
                "visible":false
            }
        ]
    },
    {
        "entityMeta":{
            "name":"$String",
            "description":"String Class",
            "since":1,
            "abstract":true
        },
        "fieldMetas":[
            {
                "name":"size",
                "description":"the maximum size of the string",
                "default":2048,
                "required":false
            },
            {
                "name":"encoded",
                "description":"if the string is encoded",
                "default":"None",
                "required":false,
                "supports":[
                    "None",
                    "Base64",
                    "URLEncode"
                ]
            },
            {
                "name":"encrption",
                "description":"if encryption is used",
                "default":"None",
                "required":false,
                "supports":[
                    "None",
                    "AES",
                    "XOR"
                ]
            }
        ]
    },
    {
        "entityMeta":{
            "name":"$Number",
            "since":1,
            "description":"Number Class",
            "abstract":true
        },
        "fieldMetas":[
            {
                "name":"precision",
                "default":15,
                "required":false,
                "description":"the precision of the number"
            },
            {
                "name":"scale",
                "default":0,
                "required":false,
                "description":"the scale of the number",
                "range":[
                    "Default",
                    "Base64",
                    "URLEncode"
                ]
            },
            {
                "name":"range",
                "default":[
                    0,
                    2147483647
                ],
                "required":false,
                "description":"valid numeric range"
            }
        ]
    },
    {
        "entityMeta":{
            "name":"$Date",
            "since":1,
            "description":"Date Class",
            "abstract":true
        },
        "fieldMetas":[
            {
                "name":"timezone",
                "default":-600,
                "required":false,
                "range":[
                    -1200,
                    1400
                ],
                "description":"http://en.wikipedia.org/wiki/List_of_time_zone_abbreviations"
            }
        ]
    },
    {
        "entityMeta":{
            "name":"$Boolean",
            "since":1,
            "description":"Boolean Class",
            "abstract":true
        },
        "fieldMetas":[
            
        ]
    },
    {
        "entityMeta":{
            "name":"$Timestamp",
            "since":1,
            "description":"Timestamp Class",
            "abstract":true
        },
        "fieldMetas":[
            
        ]
    },
    {
        "entityMeta":{
            "name":"$Blob",
            "since":1,
            "description":"Blob Class",
            "abstract":true
        },
        "fieldMetas":[
            {
                "name":"size",
                "default":2048,
                "required":false,
                "description":"the maximum size of the blob in bytes"
            }
        ]
    },
    {
        "entityMeta":{
            "name":"$Enum",
            "since":1,
            "description":"Enum Class",
            "abstract":true
        },
        "fieldMetas":[
            {
                "name":"varargs",
                "default":[
                    
                ],
                "required":false,
                "description":"variable arguments"
            }
        ]
    },
    {
        "entityMeta":{
            "name":"$Json",
            "since":1,
            "description":"JSON Class",
            "abstract":true
        },
        "fieldMetas":[
            
        ]
    }
]