{
    "entityMeta":{
        "name":"PhysicalQuantity",
        "description":"Physical Quantity Entity",
        "inherits":"BaseEntity",
        "since":1,
        "access":100,
        "label":"Physical Quantity"
    },
    "fieldMetas":[
        {
            "name":"title",
            "description":"The title of this Physical Quantity",
            "type":"$String(2048)",
            "required":true,
            "unique":false,
            "default":null,
            "final":true,
            "access":100,
            "since":1,
            "label":"Title",
            "rank":5,
            "visible":true
        }
    ]
}