{
    "classMeta":{
        "name":"ComponentDeployment",
        "description":"The Component Deployment Class",
        "inherits":"BaseObject",
        "since":1,
        "access":100,
        "label":"Component Deployment"
    },
    "fieldMetas":[
        {
            "name":"title",
            "description":"The title of this Component Deployment",
            "class":"$String(2048)",
            "required":true,
            "unique":false,
            "default":"$null",
            "final":true,
            "access":100,
            "since":1,
            "label":"Title",
            "rank":5
        },
        {
            "name":"unit",
            "description":"The unit of the Component Deployment",
            "class":"Unit",
            "required":true,
            "unique":false,
            "default":"$null",
            "final":true,
            "access":100,
            "since":1,
            "label":"Unit",
            "rank":6
        },
        {
            "name":"subSystem",
            "description":"The SubSystem of the Component Deployment",
            "class":"SubSystem",
            "required":true,
            "unique":false,
            "default":"$null",
            "final":true,
            "access":100,
            "since":1,
            "label":"SubSystem",
            "rank":7
        }
    ]
}