{
    "classMeta":{
        "name":"Dimension",
        "description":"Dimension Class",
        "inherits":"BaseObject",
        "since":1,
        "access":100,
        "label":"Dimension"
    },
    "fieldMetas":[
        {
            "name":"title",
            "description":"The title of this Dimension",
            "class":"$String(2048)",
            "required":true,
            "unique":false,
            "default":"$null",
            "final":true,
            "access":100,
            "since":1,
            "label":"Title",
            "rank":5
        },
        {
            "name":"physicalQuantity",
            "description":"The physical quantity of the Dimension",
            "class":"PhysicalQuantity",
            "required":true,
            "unique":false,
            "default":"$null",
            "final":true,
            "access":100,
            "since":1,
            "label":"Physical Quantity",
            "rank":6
        }
    ]
}