{
    "classMeta":{
        "name":"FleetEquipment",
        "description":"The Fleet Equipment Class",
        "inherits":"BaseObject",
        "since":1,
        "access":100,
        "label":"Fleet Equipment"
    },
    "fieldMetas":[
        {
            "name":"fleet",
            "description":"The fleet of this Fleet Equipment",
            "class":"Fleet",
            "required":true,
            "unique":false,
            "default":"$null",
            "final":true,
            "access":100,
            "since":1,
            "label":"Fleet",
            "rank":5
        },
        {
            "name":"unit",
            "description":"The unit of the Fleet Equipment",
            "class":"Unit",
            "required":true,
            "unique":false,
            "default":"$null",
            "final":true,
            "access":100,
            "since":1,
            "label":"Unit",
            "rank":6
        }
    ]
}