{
    "classMeta":{
        "name":"Fleet",
        "description":"The Fleet Class",
        "inherits":"BaseObject",
        "since":1,
        "access":100,
        "label":"Fleet"
    },
    "fieldMetas":[
        {
            "name":"title",
            "description":"The title of this Fleet",
            "class":"$String(2048)",
            "required":true,
            "unique":false,
            "default":"$null",
            "final":true,
            "access":100,
            "since":1,
            "label":"Title",
            "rank":5
        },
        {
            "name":"unit",
            "description":"The unit of this Fleet",
            "class":"Unit",
            "required":true,
            "unique":false,
            "default":"$null",
            "final":true,
            "access":100,
            "since":1,
            "label":"Unit",
            "rank":6
        }        
    ]
}