{
    "classMeta":{
        "name":"Parameter",
        "description":"The Parameter Class",
        "inherits":"BaseObject",
        "since":1,
        "access":100,
        "label":"Parameter"
    },
    "fieldMetas":[
        {
            "name":"key",
            "description":"The key of this Parameter",
            "class":"$String(2048)",
            "required":true,
            "unique":false,
            "default":"$null",
            "final":true,
            "access":100,
            "since":1,
            "label":"Key",
            "rank":5
        },
        {
            "name":"title",
            "description":"The title of this Parameter",
            "class":"$String(2048)",
            "required":true,
            "unique":false,
            "default":"$null",
            "final":true,
            "access":100,
            "since":1,
            "label":"Title",
            "rank":5
        },
        {
            "name":"variable",
            "description":"The variable of this Parameter",
            "class":"$String(2048)",
            "required":true,
            "unique":false,
            "default":"$null",
            "final":true,
            "access":100,
            "since":1,
            "label":"Variable",
            "rank":5
        },
        {
            "name":"system",
            "description":"The System of this Parameter",
            "class":"System",
            "required":true,
            "unique":false,
            "default":"$null",
            "final":true,
            "access":100,
            "since":1,
            "label":"System",
            "rank":6
        },
        {
            "name":"physicalQuantity",
            "description":"The physical quantity of this Parameter",
            "class":"PhysicalQuantity",
            "required":true,
            "unique":false,
            "default":"$null",
            "final":true,
            "access":100,
            "since":1,
            "label":"PhysicalQuantity",
            "rank":7
        }
    ]
}