{
    "classMeta":{
        "name":"SubSystem",
        "description":"The SubSYstem Class",
        "inherits":"BaseObject",
        "since":1,
        "access":100,
        "label":"SubSystem"
    },
    "fieldMetas":[
        {
            "name":"title",
            "description":"The title of this SubSystem",
            "class":"$String(2048)",
            "required":true,
            "unique":false,
            "default":"$null",
            "final":true,
            "access":100,
            "since":1,
            "label":"Title",
            "rank":5
        },
        {
            "name":"componentDeployment",
            "description":"The ComponentDeployment of this SubSystem",
            "hasMany":true,
            "class":"ComponentDeployment",
            "required":true,
            "unique":false,
            "default":"$null",
            "final":true,
            "access":100,
            "since":1,
            "label":"System",
            "rank":6
        },
        {
            "name":"parameterInteraction",
            "description":"The Parameter Interaction of this SubSystem",
            "hasMany":true,
            "class":"ParameterInteraction",
            "required":true,
            "unique":false,
            "default":"$null",
            "final":true,
            "access":100,
            "since":1,
            "label":"ParameterInteraction",
            "rank":7
        },
        {
            "name":"system",
            "description":"The system of this SubSystem",
            "class":"System",
            "required":true,
            "unique":false,
            "default":"$null",
            "final":true,
            "access":100,
            "since":1,
            "label":"System",
            "rank":8
        }
    ]
}