{
    "classMeta":{
        "name":"System",
        "description":"The System Class",
        "inherits":"BaseObject",
        "since":1,
        "access":100,
        "label":"System"
    },
    "fieldMetas":[
        {
            "name":"title",
            "description":"The title of this System",
            "class":"$String(2048)",
            "required":true,
            "unique":false,
            "default":"$null",
            "final":true,
            "access":100,
            "since":1,
            "label":"Title",
            "rank":5
        },
        {
            "name":"key",
            "description":"The key of this System",
            "class":"$String(2048)",
            "required":true,
            "unique":false,
            "default":"$null",
            "final":true,
            "access":100,
            "since":1,
            "label":"Key",
            "rank":6
        },
        {
            "name":"sybSystem",
            "description":"The subSystem of this System",
            "hasMany":true,
            "class":"SubSystem",
            "required":true,
            "unique":false,
            "default":"$null",
            "final":true,
            "access":100,
            "since":1,
            "label":"SubSystem",
            "rank":7
        },
        {
            "name":"parameter",
            "description":"The Parameter of this System",
            "hasMany":true,
            "class":"Parameter",
            "required":true,
            "unique":false,
            "default":"$null",
            "final":true,
            "access":100,
            "since":1,
            "label":"Parameter",
            "rank":8
        },
        {
            "name":"unit",
            "description":"The unit of this System",
            "hasMany":true,
            "class":"Unit",
            "required":true,
            "unique":false,
            "default":"$null",
            "final":true,
            "access":100,
            "since":1,
            "label":"Unit",
            "rank":9
        }
    ]
}