{
    "classMeta":{
        "name":"Unit",
        "description":"The Unit Class",
        "inherits":"BaseObject",
        "since":1,
        "access":100,
        "label":"Unit"
    },
    "fieldMetas":[
        {
            "name":"title",
            "description":"The title of this Unit",
            "class":"$String(2048)",
            "required":true,
            "unique":false,
            "default":"$null",
            "final":true,
            "access":100,
            "since":1,
            "label":"Title",
            "rank":5
        },
        {
            "name":"system",
            "description":"The system of this Unit",
            "class":"System",
            "required":true,
            "unique":false,
            "default":"$null",
            "final":true,
            "access":100,
            "since":1,
            "label":"System",
            "rank":6
        },
        {
            "name":"fleetEquipment",
            "description":"The Fleet Equipments of this Unit",
            "hasMany":true,
            "class":"FleetEquipment",
            "required":true,
            "unique":false,
            "default":"$null",
            "final":true,
            "access":100,
            "since":1,
            "label":"Fleet Equipments",
            "rank":7
        },
        {
            "name":"sensorDeployment",
            "description":"The Sensor Deployment of this Unit",
            "hasMany":true,
            "class":"SensorDeployment",
            "required":true,
            "unique":false,
            "default":"$null",
            "final":true,
            "access":100,
            "since":1,
            "label":"Sensor Deployments ",
            "rank":8
        },
        {
            "name":"componentDeployment",
            "description":"The Component Deployment of this Unit",
            "hasMany":true,
            "class":"ComponentDeployment",
            "required":true,
            "unique":false,
            "default":"$null",
            "final":true,
            "access":100,
            "since":1,
            "label":"Component Deployments",
            "rank":9
        }
    ]
}